{
    "Id": "7317abec-30ba-43e5-846b-f5cb023ee190",
    "m_Blocks": [
        {
            "position": {
                "x": 1.0,
                "y": 1.1920928955078126e-7,
                "z": 0.0
            },
            "scale": {
                "x": 1.0,
                "y": 1.0,
                "z": 1.0
            },
            "rotation": {
                "x": 0.0,
                "y": 0.0,
                "z": 0.0,
                "w": 1.0
            }
        },
        {
            "position": {
                "x": 2.0,
                "y": 1.1920928955078126e-7,
                "z": 0.0
            },
            "scale": {
                "x": 1.0,
                "y": 1.0,
                "z": 1.0
            },
            "rotation": {
                "x": 0.0,
                "y": 0.0,
                "z": 0.0,
                "w": 1.0
            }
        },
        {
            "position": {
                "x": 3.0,
                "y": 1.1920928955078126e-7,
                "z": 0.0
            },
            "scale": {
                "x": 1.0,
                "y": 1.0,
                "z": 1.0
            },
            "rotation": {
                "x": 0.0,
                "y": 0.0,
                "z": 0.0,
                "w": 1.0
            }
        },
        {
            "position": {
                "x": 3.0,
                "y": 1.1920928955078126e-7,
                "z": -1.0
            },
            "scale": {
                "x": 1.0,
                "y": 1.0,
                "z": 1.0
            },
            "rotation": {
                "x": 0.0,
                "y": 0.0,
                "z": 0.0,
                "w": 1.0
            }
        }
    ],
    "Center": {
        "x": 2.25,
        "y": 1.1920928955078126e-7,
        "z": -0.25
    },
    "IconTexture2D": {
        "instanceID": 0
    }
}